[{"model": "info.team", "pk": 1, "fields": {"name": "Mumbai Indians", "logo_uri": "https://a1.espncdn.com/combiner/i?img=/i/teamlogos/cricket/500/335978.png", "club_state": "Maharastra", "created_at": "2019-11-15T06:46:21.836Z"}}, {"model": "info.team", "pk": 2, "fields": {"name": "Chennai Super Kings", "logo_uri": "https://a1.espncdn.com/combiner/i?img=/i/teamlogos/cricket/500/335974.png", "club_state": "Tamilnadu", "created_at": "2019-11-15T06:52:09.425Z"}}, {"model": "info.team", "pk": 3, "fields": {"name": "Delhi Capitals", "logo_uri": "https://a1.espncdn.com/combiner/i?img=/i/teamlogos/cricket/500/335975.png", "club_state": "Delhi", "created_at": "2019-11-15T06:52:35.396Z"}}, {"model": "info.team", "pk": 4, "fields": {"name": "Sunrisers Hyderabad", "logo_uri": "https://a1.espncdn.com/combiner/i?img=/i/teamlogos/cricket/500/628333.png", "club_state": "Hyderabad", "created_at": "2019-11-15T06:53:00.965Z"}}, {"model": "info.team", "pk": 5, "fields": {"name": "Kolkata Knight Riders", "logo_uri": "https://a1.espncdn.com/combiner/i?img=/i/teamlogos/cricket/500/335971.png", "club_state": "West Bengal", "created_at": "2019-11-15T06:53:31.183Z"}}, {"model": "info.team", "pk": 6, "fields": {"name": "Kings XI Punjab", "logo_uri": "https://a1.espncdn.com/combiner/i?img=/i/teamlogos/cricket/500/335973.png", "club_state": "Punjab", "created_at": "2019-11-15T06:53:56.410Z"}}, {"model": "info.team", "pk": 7, "fields": {"name": "Rajasthan Royals", "logo_uri": "https://a1.espncdn.com/combiner/i?img=/i/teamlogos/cricket/500/335977.png", "club_state": "Rajasthan", "created_at": "2019-11-15T06:54:19.632Z"}}, {"model": "info.team", "pk": 8, "fields": {"name": "Royal Challengers Bangalore", "logo_uri": "https://a1.espncdn.com/combiner/i?img=/i/teamlogos/cricket/500/335970.png", "club_state": "Karnataka", "created_at": "2019-11-15T06:54:41.356Z"}}, {"model": "info.player", "pk": 1, "fields": {"team": 1, "first_name": "Rohit", "last_name": "Sharma", "image_uri": "http://www.espncricinfo.com/inline/content/image/923955.html?alt=icon", "jersey_number": 1, "country": "India"}}, {"model": "info.player", "pk": 2, "fields": {"team": 1, "first_name": "Jasprit", "last_name": "Bumrah", "image_uri": "http://www.espncricinfo.com/inline/content/image/1099926.html?alt=icon", "jersey_number": 2, "country": "India"}}, {"model": "info.player", "pk": 3, "fields": {"team": 1, "first_name": "Jason", "last_name": "Behrendorff", "image_uri": "http://www.espncricinfo.com/inline/content/image/1186408.html?alt=icon", "jersey_number": 3, "country": "Australia"}}, {"model": "info.player", "pk": 4, "fields": {"team": 1, "first_name": "Quinton", "last_name": "de Kock", "image_uri": "http://www.espncricinfo.com/inline/content/image/1100136.html?alt=icon", "jersey_number": 4, "country": "South Africa"}}, {"model": "info.player", "pk": 5, "fields": {"team": 1, "first_name": "Ishan", "last_name": "Kishan", "image_uri": "http://www.espncricinfo.com/inline/content/image/1073781.html?alt=icon", "jersey_number": 5, "country": "India"}}, {"model": "info.player", "pk": 6, "fields": {"team": 2, "first_name": "MS", "last_name": "Dhoni", "image_uri": "http://www.espncricinfo.com/inline/content/image/1099927.html?alt=icon", "jersey_number": 1, "country": "India"}}, {"model": "info.player", "pk": 8, "fields": {"team": 3, "first_name": "Shreyas", "last_name": "Iyer", "image_uri": "http://www.espncricinfo.com/inline/content/image/721227.html?alt=icon", "jersey_number": 1, "country": "India"}}, {"model": "info.player", "pk": 9, "fields": {"team": 3, "first_name": "Shikhar", "last_name": "Dhawan", "image_uri": "http://www.espncricinfo.com/inline/content/image/1099915.html?alt=icon", "jersey_number": 2, "country": "India"}}, {"model": "info.player", "pk": 10, "fields": {"team": 4, "first_name": "Kane", "last_name": "Williamson", "image_uri": "http://www.espncricinfo.com/inline/content/image/1099457.html?alt=icon", "jersey_number": 1, "country": "New Zealand"}}, {"model": "info.player", "pk": 11, "fields": {"team": 5, "first_name": "Dinesh", "last_name": "Karthik", "image_uri": "http://www.espncricinfo.com/inline/content/image/1099909.html?alt=icon", "jersey_number": 1, "country": "India"}}, {"model": "info.player", "pk": 12, "fields": {"team": 6, "first_name": "Ravichandran", "last_name": "Ashwin", "image_uri": "http://www.espncricinfo.com/inline/content/image/1099922.html?alt=icon", "jersey_number": 1, "country": "India"}}, {"model": "info.player", "pk": 13, "fields": {"team": 7, "first_name": "Ajinkya", "last_name": "Rahane", "image_uri": "http://www.espncricinfo.com/inline/content/image/1099907.html?alt=icon", "jersey_number": 1, "country": "India"}}, {"model": "info.player", "pk": 14, "fields": {"team": 8, "first_name": "Virat", "last_name": "Kohli", "image_uri": "http://www.espncricinfo.com/inline/content/image/1183835.html?alt=icon", "jersey_number": 1, "country": "India"}}, {"model": "info.player", "pk": 15, "fields": {"team": 2, "first_name": "Dwayne", "last_name": "Bravo", "image_uri": "http://www.espncricinfo.com/inline/content/image/990019.html?alt=icon", "jersey_number": 2, "country": "West Indies"}}, {"model": "info.playerstats", "pk": 1, "fields": {"player": 1, "matches_count": 321, "runs_count": 8408, "highest_score": 118, "fifties_count": 57, "hundreds_count": 6}}, {"model": "info.playerstats", "pk": 2, "fields": {"player": 2, "matches_count": 149, "runs_count": 50, "highest_score": 19, "fifties_count": 0, "hundreds_count": 0}}, {"model": "info.playerstats", "pk": 3, "fields": {"player": 3, "matches_count": 100, "runs_count": 4001, "highest_score": 89, "fifties_count": 7, "hundreds_count": 3}}, {"model": "info.playerstats", "pk": 4, "fields": {"player": 4, "matches_count": 120, "runs_count": 6034, "highest_score": 103, "fifties_count": 40, "hundreds_count": 4}}, {"model": "info.playerstats", "pk": 5, "fields": {"player": 14, "matches_count": 271, "runs_count": 8556, "highest_score": 113, "fifties_count": 62, "hundreds_count": 5}}, {"model": "info.matches", "pk": 165, "fields": {"team1": 1, "team2": 2, "winner": 2}}, {"model": "info.matches", "pk": 166, "fields": {"team1": 1, "team2": 3, "winner": 3}}, {"model": "info.matches", "pk": 167, "fields": {"team1": 1, "team2": 4, "winner": 1}}, {"model": "info.matches", "pk": 168, "fields": {"team1": 1, "team2": 5, "winner": 5}}, {"model": "info.matches", "pk": 169, "fields": {"team1": 1, "team2": 6, "winner": 6}}, {"model": "info.matches", "pk": 170, "fields": {"team1": 1, "team2": 7, "winner": 1}}, {"model": "info.matches", "pk": 171, "fields": {"team1": 1, "team2": 8, "winner": 8}}, {"model": "info.matches", "pk": 172, "fields": {"team1": 2, "team2": 1, "winner": 1}}, {"model": "info.matches", "pk": 173, "fields": {"team1": 2, "team2": 3, "winner": 3}}, {"model": "info.matches", "pk": 174, "fields": {"team1": 2, "team2": 4, "winner": 2}}, {"model": "info.matches", "pk": 175, "fields": {"team1": 2, "team2": 5, "winner": 5}}, {"model": "info.matches", "pk": 176, "fields": {"team1": 2, "team2": 6, "winner": 6}}, {"model": "info.matches", "pk": 177, "fields": {"team1": 2, "team2": 7, "winner": 7}}, {"model": "info.matches", "pk": 178, "fields": {"team1": 2, "team2": 8, "winner": 2}}, {"model": "info.matches", "pk": 179, "fields": {"team1": 3, "team2": 1, "winner": 1}}, {"model": "info.matches", "pk": 180, "fields": {"team1": 3, "team2": 2, "winner": 2}}, {"model": "info.matches", "pk": 181, "fields": {"team1": 3, "team2": 4, "winner": 4}}, {"model": "info.matches", "pk": 182, "fields": {"team1": 3, "team2": 5, "winner": 3}}, {"model": "info.matches", "pk": 183, "fields": {"team1": 3, "team2": 6, "winner": 6}}, {"model": "info.matches", "pk": 184, "fields": {"team1": 3, "team2": 7, "winner": 7}}, {"model": "info.matches", "pk": 185, "fields": {"team1": 3, "team2": 8, "winner": 3}}, {"model": "info.matches", "pk": 186, "fields": {"team1": 4, "team2": 1, "winner": 4}}, {"model": "info.matches", "pk": 187, "fields": {"team1": 4, "team2": 2, "winner": 2}}, {"model": "info.matches", "pk": 188, "fields": {"team1": 4, "team2": 3, "winner": 3}}, {"model": "info.matches", "pk": 189, "fields": {"team1": 4, "team2": 5, "winner": 5}}, {"model": "info.matches", "pk": 190, "fields": {"team1": 4, "team2": 6, "winner": 4}}, {"model": "info.matches", "pk": 191, "fields": {"team1": 4, "team2": 7, "winner": 7}}, {"model": "info.matches", "pk": 192, "fields": {"team1": 4, "team2": 8, "winner": 4}}, {"model": "info.matches", "pk": 193, "fields": {"team1": 5, "team2": 1, "winner": 5}}, {"model": "info.matches", "pk": 194, "fields": {"team1": 5, "team2": 2, "winner": 2}}, {"model": "info.matches", "pk": 195, "fields": {"team1": 5, "team2": 3, "winner": 5}}, {"model": "info.matches", "pk": 196, "fields": {"team1": 5, "team2": 4, "winner": 5}}, {"model": "info.matches", "pk": 197, "fields": {"team1": 5, "team2": 6, "winner": 5}}, {"model": "info.matches", "pk": 198, "fields": {"team1": 5, "team2": 7, "winner": 7}}, {"model": "info.matches", "pk": 199, "fields": {"team1": 5, "team2": 8, "winner": 5}}, {"model": "info.matches", "pk": 200, "fields": {"team1": 6, "team2": 1, "winner": 1}}, {"model": "info.matches", "pk": 201, "fields": {"team1": 6, "team2": 2, "winner": 2}}, {"model": "info.matches", "pk": 202, "fields": {"team1": 6, "team2": 3, "winner": 6}}, {"model": "info.matches", "pk": 203, "fields": {"team1": 6, "team2": 4, "winner": 4}}, {"model": "info.matches", "pk": 204, "fields": {"team1": 6, "team2": 5, "winner": 5}}, {"model": "info.matches", "pk": 205, "fields": {"team1": 6, "team2": 7, "winner": 7}}, {"model": "info.matches", "pk": 206, "fields": {"team1": 6, "team2": 8, "winner": 8}}, {"model": "info.matches", "pk": 207, "fields": {"team1": 7, "team2": 1, "winner": 7}}, {"model": "info.matches", "pk": 208, "fields": {"team1": 7, "team2": 2, "winner": 7}}, {"model": "info.matches", "pk": 209, "fields": {"team1": 7, "team2": 3, "winner": 7}}, {"model": "info.matches", "pk": 210, "fields": {"team1": 7, "team2": 4, "winner": 4}}, {"model": "info.matches", "pk": 211, "fields": {"team1": 7, "team2": 5, "winner": 7}}, {"model": "info.matches", "pk": 212, "fields": {"team1": 7, "team2": 6, "winner": 7}}, {"model": "info.matches", "pk": 213, "fields": {"team1": 7, "team2": 8, "winner": 8}}, {"model": "info.matches", "pk": 214, "fields": {"team1": 8, "team2": 1, "winner": 8}}, {"model": "info.matches", "pk": 215, "fields": {"team1": 8, "team2": 2, "winner": 2}}, {"model": "info.matches", "pk": 216, "fields": {"team1": 8, "team2": 3, "winner": 8}}, {"model": "info.matches", "pk": 217, "fields": {"team1": 8, "team2": 4, "winner": 8}}, {"model": "info.matches", "pk": 218, "fields": {"team1": 8, "team2": 5, "winner": 5}}, {"model": "info.matches", "pk": 219, "fields": {"team1": 8, "team2": 6, "winner": 8}}, {"model": "info.matches", "pk": 220, "fields": {"team1": 8, "team2": 7, "winner": 7}}]